t_ms,shot,lat_deg,lon_deg,agl_m,alt_m,level_db,trend_db,contrast_db,freq_hz,alarm,clip
8607833,1,48.8102086,7.8522467,30.23,170.19,57.62,0.00,6.00,2700,1,0
8607873,2,48.8102086,7.8522364,30.13,170.08,58.07,0.00,6.00,2700,1,0
8607874,3,48.8102222,7.8522262,30.08,170.03,58.19,0.00,6.00,2700,1,0
8607876,4,48.8102222,7.8522151,29.97,169.92,60.13,0.00,6.00,2700,1,0
8607915,5,48.8102359,7.8522151,29.86,169.81,58.35,0.00,6.00,2700,1,0
8607916,6,48.8102359,7.8522048,29.80,169.76,59.93,0.00,6.00,2700,1,0
8607956,7,48.8102359,7.8522048,29.70,169.65,59.62,0.00,6.00,2700,1,0
8607994,8,48.8102496,7.8521937,29.59,169.54,60.41,0.00,6.00,2700,1,0
8607995,9,48.8102496,7.8521835,29.53,169.49,60.71,0.00,6.00,2700,1,0
8608034,10,48.8102632,7.8521835,29.42,169.37,60.19,0.00,6.00,2700,1,0
8608035,11,48.8102632,7.8521724,29.31,169.26,61.15,0.00,6.00,2700,1,0
8608074,12,48.8102632,7.8521622,29.25,169.20,60.81,0.00,6.00,2700,1,0
8608077,13,48.8102769,7.8521613,29.14,169.09,61.33,0.00,6.00,2700,1,0
8608115,14,48.8102905,7.8521511,29.02,168.97,58.93,0.00,6.00,2700,1,0
8608116,15,48.8102905,7.8521511,28.96,168.92,60.59,0.00,6.00,2700,1,0
8608155,16,48.8102905,7.8521408,28.85,168.80,61.30,0.00,6.00,2700,1,0
8608157,17,48.8103042,7.8521297,28.73,168.69,60.51,0.00,6.00,2700,1,0
8608195,18,48.8103042,7.8521297,28.68,168.63,61.04,0.00,6.00,2700,1,0
8608198,19,48.8103179,7.8521186,28.56,168.51,60.54,0.00,6.00,2700,1,0
8608234,20,48.8103179,7.8521084,28.45,168.40,60.54,0.00,6.00,2700,1,0
8608235,21,48.8103315,7.8521084,28.39,168.35,62.39,0.00,6.00,2700,1,0
8608275,22,48.8103315,7.8520981,28.28,168.23,60.61,0.00,6.00,2700,1,0
8608276,23,48.8103452,7.8520973,28.17,168.12,62.64,0.00,6.00,2700,1,0
8608315,24,48.8103452,7.8520870,28.11,168.06,60.72,0.00,6.00,2700,1,0
8608315,25,48.8103452,7.8520870,28.00,167.96,61.96,0.00,6.00,2700,1,0
8608355,26,48.8103588,7.8520759,27.89,167.84,60.50,0.00,6.00,2700,1,0
8608356,27,48.8103588,7.8520759,27.84,167.79,60.06,0.00,6.00,2700,1,0
8608395,28,48.8103725,7.8520657,27.73,167.68,62.64,0.00,6.00,2700,1,0
8608434,29,48.8103725,7.8520554,27.62,167.57,60.81,0.00,6.00,2700,1,0
8608435,30,48.8103862,7.8520554,27.56,167.52,61.74,0.00,6.00,2700,1,0
8608474,31,48.8103862,7.8520443,27.46,167.41,61.19,0.00,6.00,2700,1,0
8608475,32,48.8103998,7.8520443,27.35,167.30,61.28,0.00,6.00,2700,1,0
8608476,33,48.8103998,7.8520332,27.29,167.25,61.28,0.00,6.00,2700,1,0
8608515,34,48.8104135,7.8520332,27.18,167.14,63.36,0.00,6.00,2700,1,0
8608555,35,48.8104135,7.8520221,27.08,167.03,62.88,0.00,6.00,2700,1,0
8608555,36,48.8104271,7.8520221,27.02,166.98,62.17,0.00,6.00,2700,1,0
8608595,37,48.8104271,7.8520119,26.92,166.87,63.35,0.00,6.00,2700,1,0
8608596,38,48.8104408,7.8520119,26.81,166.76,63.07,0.00,6.00,2700,1,0
8608635,39,48.8104408,7.8520016,26.76,166.71,64.03,0.00,6.00,2700,1,0
8608636,40,48.8104545,7.8520008,26.65,166.60,63.65,0.00,6.00,2700,1,0
8608675,41,48.8104545,7.8519905,26.55,166.50,63.70,0.00,6.00,2700,1,0
8608676,42,48.8104681,7.8519897,26.49,166.44,63.44,0.00,6.00,2700,1,0
8608715,43,48.8104681,7.8519794,26.39,166.34,63.39,0.00,6.00,2700,1,0
8608716,44,48.8104818,7.8519786,26.28,166.24,64.02,0.00,6.00,2700,1,0
8608755,45,48.8104818,7.8519786,26.23,166.18,61.89,0.00,6.00,2700,1,0
8608756,46,48.8104954,7.8519683,26.12,166.08,63.35,0.00,6.00,2700,1,0
8608796,47,48.8104954,7.8519683,26.02,165.97,62.55,0.00,6.00,2700,1,0
8608796,48,48.8105091,7.8519572,25.97,165.92,64.51,0.00,6.00,2700,1,0
8608836,49,48.8105091,7.8519572,25.86,165.82,65.10,0.00,6.00,2700,1,0
8608837,50,48.8105228,7.8519470,25.76,165.71,62.66,0.00,6.00,2700,1,0
8608876,51,48.8105228,7.8519470,25.71,165.66,62.52,0.00,6.00,2700,1,0
8608877,52,48.8105364,7.8519461,25.61,165.56,63.73,0.00,6.00,2700,1,0
8608916,53,48.8105364,7.8519410,25.50,165.45,63.71,0.00,6.00,2700,1,0
8608917,54,48.8105501,7.8519410,25.45,165.40,64.08,0.00,6.00,2700,1,0
8608957,55,48.8105501,7.8519308,25.34,165.29,65.47,0.00,6.00,2700,1,0
8608996,56,48.8105637,7.8519299,25.24,165.19,64.09,0.00,6.00,2700,1,0
8608996,57,48.8105637,7.8519299,25.19,165.14,63.11,0.00,6.00,2700,1,0
8609036,58,48.8105774,7.8519197,25.08,165.03,63.15,0.00,6.00,2700,1,0
8609037,59,48.8105774,7.8519197,24.98,164.93,63.55,0.00,6.00,2700,1,0
8609037,60,48.8105911,7.8519188,24.93,164.88,63.11,0.00,6.00,2700,1,0
8609077,61,48.8105911,7.8519086,24.82,164.78,63.74,0.00,6.00,2700,1,0
8609117,62,48.8106047,7.8519077,24.72,164.67,65.11,0.00,6.00,2700,1,0
8609117,63,48.8106047,7.8518975,24.67,164.62,62.68,0.00,6.00,2700,1,0
8609157,64,48.8106184,7.8518975,24.57,164.52,65.31,0.00,6.00,2700,1,0
8609157,65,48.8106320,7.8518975,24.46,164.41,64.76,0.00,6.00,2700,1,0
8609197,66,48.8106320,7.8518975,24.41,164.36,64.97,0.00,6.00,2700,1,0
8609197,67,48.8106457,7.8518864,24.30,164.26,65.26,0.00,6.00,2700,1,0
8609237,68,48.8106457,7.8518864,24.20,164.16,64.48,0.00,6.00,2700,1,0
8609237,69,48.8106457,7.8518864,24.15,164.10,63.11,0.00,6.00,2700,1,0
8609277,70,48.8106594,7.8518753,24.05,164.00,64.06,0.00,6.00,2700,1,0
8609278,71,48.8106730,7.8518753,23.94,163.90,63.89,0.00,6.00,2700,1,0
8614937,72,48.8106730,7.8518650,11.05,151.01,67.06,0.00,6.00,2700,1,0
8614974,73,48.8106594,7.8518650,11.01,150.96,66.69,0.00,6.00,2700,1,0
8614977,74,48.8106594,7.8518548,10.93,150.88,66.39,0.00,6.00,2700,1,0
8614978,75,48.8106594,7.8518445,10.89,150.84,66.46,0.00,6.00,2700,1,0
8615016,76,48.8106457,7.8518334,10.81,150.76,66.07,0.00,6.00,2700,1,0
8615055,77,48.8106457,7.8518334,10.73,150.69,66.30,0.00,6.00,2700,1,0
8615056,78,48.8106457,7.8518232,10.70,150.65,65.63,0.00,6.00,2700,1,0
8615095,79,48.8106320,7.8518130,10.61,150.56,66.82,0.00,6.00,2700,1,0
8615096,80,48.8106320,7.8518130,10.52,150.47,67.54,0.00,6.00,2700,1,0
8615135,81,48.8106184,7.8518027,10.48,150.43,67.94,0.00,6.00,2700,1,0
8615137,82,48.8106184,7.8517925,10.38,150.34,67.71,0.00,6.00,2700,1,0
8615177,83,48.8106047,7.8517933,10.29,150.24,69.01,0.00,6.00,2700,1,0
8615178,84,48.8106047,7.8517822,10.23,150.19,69.63,0.00,6.00,2700,1,0
8615216,85,48.8105911,7.8517720,10.12,150.08,67.90,0.00,6.00,2700,1,0
8615219,86,48.8105911,7.8517720,10.02,149.97,68.64,0.00,6.00,2700,1,0
8615256,87,48.8105911,7.8517626,9.96,149.91,68.64,0.00,6.00,2700,1,0
8615258,88,48.8105774,7.8517626,9.85,149.80,71.47,0.00,6.00,2700,1,0
8615298,89,48.8105774,7.8517523,9.73,149.69,69.44,0.00,6.00,2700,1,0
8615299,90,48.8105637,7.8517421,9.68,149.63,70.21,0.00,6.00,2700,1,0
8615337,91,48.8105637,7.8517421,9.56,149.51,70.50,0.00,6.00,2700,1,0
8615339,92,48.8105501,7.8517318,9.44,149.39,71.60,0.00,6.00,2700,1,0
8615377,93,48.8105501,7.8517318,9.38,149.33,71.44,0.00,6.00,2700,1,0
8615379,94,48.8105501,7.8517216,9.25,149.20,70.89,0.00,6.00,2700,1,0
8615418,95,48.8105364,7.8517105,9.13,149.08,73.48,0.00,6.00,2700,1,0
8615420,96,48.8105364,7.8517105,9.07,149.02,74.10,0.00,6.00,2700,1,0
8615457,97,48.8105228,7.8517003,8.94,148.90,72.66,0.00,6.00,2700,1,0
8615497,98,48.8105228,7.8516900,8.82,148.77,73.88,0.00,6.00,2700,1,0
8615498,99,48.8105091,7.8516909,8.75,148.71,73.84,0.00,6.00,2700,1,0
8615536,100,48.8105091,7.8516798,8.63,148.58,75.51,0.00,6.00,2700,1,0
8615537,101,48.8104954,7.8516704,8.51,148.46,75.21,0.00,6.00,2700,1,0
8615538,102,48.8104954,7.8516704,8.45,148.40,74.87,0.00,6.00,2700,1,0
8615577,103,48.8104954,7.8516593,8.33,148.28,74.95,0.00,6.00,2700,1,0
8615616,104,48.8104818,7.8516499,8.21,148.16,76.38,0.00,6.00,2700,1,0
8615617,105,48.8104818,7.8516499,8.14,148.10,75.91,0.00,6.00,2700,1,0
8615656,106,48.8104681,7.8516396,8.02,147.98,74.39,0.00,6.00,2700,1,0
8615657,107,48.8104681,7.8516285,7.91,147.86,76.42,0.00,6.00,2700,1,0
8615696,108,48.8104545,7.8516285,7.85,147.80,75.94,0.00,6.00,2700,1,0
8615697,109,48.8104545,7.8516183,7.73,147.68,75.90,0.00,6.00,2700,1,0
8615736,110,48.8104408,7.8516081,7.62,147.57,73.63,0.00,6.00,2700,1,0
8615737,111,48.8104408,7.8516081,7.56,147.51,75.04,0.00,6.00,2700,1,0
8615777,112,48.8104408,7.8515978,7.45,147.40,75.28,0.00,6.00,2700,1,0
8615778,113,48.8104271,7.8515876,7.33,147.28,73.29,0.00,6.00,2700,1,0
8615817,114,48.8104271,7.8515876,7.27,147.23,73.11,0.00,6.00,2700,1,0
8615819,115,48.8104135,7.8515773,7.16,147.12,74.32,0.00,6.00,2700,1,0
8615858,116,48.8104135,7.8515671,7.05,147.01,72.72,0.00,6.00,2700,1,0
8615859,117,48.8103998,7.8515679,7.00,146.95,72.18,0.00,6.00,2700,1,0
8615898,118,48.8103998,7.8515568,6.89,146.84,72.19,0.00,6.00,2700,1,0
8615937,119,48.8103998,7.8515517,6.78,146.73,70.89,0.00,6.00,2700,1,0
8615938,120,48.8103998,7.8515517,6.73,146.68,72.95,0.00,6.00,2700,1,0
8615940,121,48.8103998,7.8515415,6.62,146.57,73.49,0.00,6.00,2700,1,0
8615979,122,48.8103725,7.8515312,6.51,146.47,71.51,0.00,6.00,2700,1,0
8615980,123,48.8103725,7.8515312,6.46,146.41,70.25,0.00,6.00,2700,1,0
8616019,124,48.8103725,7.8515210,6.36,146.31,71.20,0.00,6.00,2700,1,0
8616058,125,48.8103725,7.8515107,6.25,146.20,71.88,0.00,6.00,2700,1,0
8616060,126,48.8103725,7.8515005,6.20,146.15,69.54,0.00,6.00,2700,1,0
8616097,127,48.8103588,7.8515005,6.09,146.04,69.53,0.00,6.00,2700,1,0
8616099,128,48.8103588,7.8514902,5.99,145.94,69.11,0.00,6.00,2700,1,0
8616137,129,48.8103452,7.8514800,5.93,145.89,68.01,0.00,6.00,2700,1,0
8616139,130,48.8103315,7.8514697,5.83,145.78,68.99,0.00,6.00,2700,1,0
8616178,131,48.8103179,7.8514595,5.72,145.68,68.62,0.00,6.00,2700,1,0
8621753,132,48.8103862,7.8513639,10.69,150.64,67.15,0.00,6.00,2700,1,0
8621792,133,48.8103862,7.8513639,10.64,150.59,68.32,0.00,6.00,2700,1,0
8621793,134,48.8103862,7.8513741,10.59,150.54,67.79,0.00,6.00,2700,1,0
8621793,135,48.8103862,7.8513844,10.54,150.49,68.33,0.00,6.00,2700,1,0
8621832,136,48.8103862,7.8513844,10.48,150.44,67.04,0.00,6.00,2700,1,0
8621833,137,48.8103862,7.8513946,10.38,150.34,67.58,0.00,6.00,2700,1,0
8621872,138,48.8103862,7.8514049,10.33,150.28,67.71,0.00,6.00,2700,1,0
8621872,139,48.8103862,7.8514160,10.28,150.23,67.29,0.00,6.00,2700,1,0
8621873,140,48.8103862,7.8514160,10.23,150.18,69.37,0.00,6.00,2700,1,0
8621913,141,48.8103862,7.8514364,10.12,150.08,69.47,0.00,6.00,2700,1,0
8621913,142,48.8103862,7.8514364,10.07,150.02,68.91,0.00,6.00,2700,1,0
8621913,143,48.8103862,7.8514475,10.02,149.97,68.23,0.00,6.00,2700,1,0
8621953,144,48.8103862,7.8514578,9.96,149.92,68.81,0.00,6.00,2700,1,0
8621953,145,48.8103862,7.8514680,9.86,149.81,69.06,0.00,6.00,2700,1,0
8621993,146,48.8103998,7.8514791,9.80,149.75,70.39,0.00,6.00,2700,1,0
8621993,147,48.8103998,7.8514791,9.75,149.70,70.17,0.00,6.00,2700,1,0
8621993,148,48.8103998,7.8514894,9.70,149.65,69.23,0.00,6.00,2700,1,0
8622033,149,48.8103998,7.8514996,9.59,149.54,69.67,0.00,6.00,2700,1,0
8622033,150,48.8103998,7.8515107,9.53,149.48,70.62,0.00,6.00,2700,1,0
8622073,151,48.8103998,7.8515210,9.48,149.43,71.65,0.00,6.00,2700,1,0
8622074,152,48.8103998,7.8515210,9.42,149.38,71.41,0.00,6.00,2700,1,0
8622076,153,48.8103998,7.8515415,9.32,149.27,71.95,0.00,6.00,2700,1,0
8622114,154,48.8103998,7.8515415,9.26,149.21,71.90,0.00,6.00,2700,1,0
8622115,155,48.8103998,7.8515517,9.21,149.16,70.80,0.00,6.00,2700,1,0
8622116,156,48.8103998,7.8515517,9.15,149.10,70.25,0.00,6.00,2700,1,0
8622155,157,48.8103998,7.8515679,9.04,148.99,70.53,0.00,6.00,2700,1,0
8622156,158,48.8103998,7.8515679,8.98,148.94,71.61,0.00,6.00,2700,1,0
8622194,159,48.8103998,7.8515782,8.93,148.88,72.84,0.00,6.00,2700,1,0
8622195,160,48.8103998,7.8515884,8.88,148.83,70.76,0.00,6.00,2700,1,0
8622234,161,48.8103998,7.8515987,8.76,148.72,73.24,0.00,6.00,2700,1,0
8622235,162,48.8103998,7.8516098,8.71,148.66,71.66,0.00,6.00,2700,1,0
8622236,163,48.8103998,7.8516098,8.65,148.60,72.04,0.00,6.00,2700,1,0
8622274,164,48.8103998,7.8516200,8.59,148.55,72.41,0.00,6.00,2700,1,0
8622276,165,48.8103998,7.8516303,8.48,148.43,72.58,0.00,6.00,2700,1,0
8622277,166,48.8103998,7.8516405,8.42,148.38,70.56,0.00,6.00,2700,1,0
8622314,167,48.8103998,7.8516516,8.37,148.32,71.24,0.00,6.00,2700,1,0
8622315,168,48.8103998,7.8516516,8.31,148.26,70.75,0.00,6.00,2700,1,0
8622354,169,48.8103998,7.8516618,8.20,148.15,71.77,0.00,6.00,2700,1,0
8622355,170,48.8103998,7.8516729,8.14,148.09,73.09,0.00,6.00,2700,1,0
8622356,171,48.8103998,7.8516832,8.08,148.03,70.57,0.00,6.00,2700,1,0
8622394,172,48.8103998,7.8516832,8.02,147.97,71.68,0.00,6.00,2700,1,0
8622397,173,48.8104135,7.8517037,7.91,147.86,70.39,0.00,6.00,2700,1,0
8622434,174,48.8104135,7.8517037,7.85,147.80,72.83,0.00,6.00,2700,1,0
8622435,175,48.8104135,7.8517139,7.79,147.74,71.96,0.00,6.00,2700,1,0
8622437,176,48.8104135,7.8517242,7.73,147.69,72.49,0.00,6.00,2700,1,0
8622475,177,48.8104135,7.8517344,7.62,147.57,71.09,0.00,6.00,2700,1,0
8622476,178,48.8104135,7.8517455,7.57,147.52,69.99,0.00,6.00,2700,1,0
8622478,179,48.8104135,7.8517455,7.51,147.46,71.40,0.00,6.00,2700,1,0
8622515,180,48.8104135,7.8517558,7.45,147.41,70.33,0.00,6.00,2700,1,0
8622515,181,48.8104135,7.8517660,7.34,147.29,68.96,0.00,6.00,2700,1,0
8622555,182,48.8104135,7.8517762,7.29,147.24,69.58,0.00,6.00,2700,1,0
8622555,183,48.8104135,7.8517873,7.23,147.18,69.49,0.00,6.00,2700,1,0
8622555,184,48.8104135,7.8517873,7.18,147.13,68.82,0.00,6.00,2700,1,0
8622595,185,48.8104135,7.8517976,7.07,147.02,69.49,0.00,6.00,2700,1,0
8622595,186,48.8104135,7.8518078,7.01,146.96,70.47,0.00,6.00,2700,1,0
8622635,187,48.8104271,7.8518181,6.95,146.91,70.76,0.00,6.00,2700,1,0
8622635,188,48.8104271,7.8518283,6.90,146.85,68.16,0.00,6.00,2700,1,0
8622674,189,48.8104271,7.8518386,6.79,146.74,68.36,0.00,6.00,2700,1,0
8622675,190,48.8104271,7.8518386,6.73,146.69,67.76,0.00,6.00,2700,1,0
8622675,191,48.8104271,7.8518497,6.68,146.63,69.94,0.00,6.00,2700,1,0
8622675,192,48.8104271,7.8518599,6.63,146.58,67.45,0.00,6.00,2700,1,0
8622715,193,48.8104271,7.8518702,6.52,146.47,69.05,0.00,6.00,2700,1,0
8622715,194,48.8104271,7.8518804,6.47,146.42,68.89,0.00,6.00,2700,1,0
8622755,195,48.8104271,7.8518804,6.41,146.37,69.11,0.00,6.00,2700,1,0
8622755,196,48.8104271,7.8518915,6.36,146.32,66.43,0.00,6.00,2700,1,0
8622795,197,48.8104271,7.8519018,6.26,146.21,66.47,0.00,6.00,2700,1,0
8622796,198,48.8104271,7.8519120,6.21,146.16,67.51,0.00,6.00,2700,1,0
8622796,199,48.8104271,7.8519231,6.16,146.11,66.76,0.00,6.00,2700,1,0
8622835,200,48.8104271,7.8519231,6.11,146.06,68.25,0.00,6.00,2700,1,0
8622836,201,48.8104271,7.8519436,6.00,145.96,64.85,0.00,6.00,2700,1,0
8622875,202,48.8104271,7.8519436,5.95,145.91,66.30,0.00,6.00,2700,1,0
8622875,203,48.8104271,7.8519496,5.90,145.85,65.73,0.00,6.00,2700,1,0
8622876,204,48.8104408,7.8519590,5.85,145.80,67.01,0.00,6.00,2700,1,0
8622915,205,48.8104408,7.8519701,5.75,145.70,66.92,0.00,6.00,2700,1,0
8622916,206,48.8104408,7.8519803,5.70,145.65,64.44,0.00,6.00,2700,1,0
8622916,207,48.8104408,7.8519803,5.64,145.60,65.69,0.00,6.00,2700,1,0
8622955,208,48.8104408,7.8519905,5.59,145.55,65.70,0.00,6.00,2700,1,0
8622956,209,48.8104408,7.8520016,5.49,145.45,64.30,0.00,6.00,2700,1,0
8622995,210,48.8104408,7.8520119,5.44,145.39,65.74,0.00,6.00,2700,1,0
8628570,211,48.8103452,7.8520136,10.75,150.70,65.23,0.00,6.00,2700,1,0
8628609,212,48.8103452,7.8520136,10.70,150.65,62.36,0.00,6.00,2700,1,0
8628610,213,48.8103452,7.8520033,10.65,150.60,63.45,0.00,6.00,2700,1,0
8628610,214,48.8103452,7.8520033,10.60,150.55,63.11,0.00,6.00,2700,1,0
8628649,215,48.8103452,7.8519931,10.55,150.50,64.36,0.00,6.00,2700,1,0
8628650,216,48.8103588,7.8519820,10.45,150.41,65.23,0.00,6.00,2700,1,0
8628650,217,48.8103588,7.8519820,10.41,150.36,64.57,0.00,6.00,2700,1,0
8628690,218,48.8103588,7.8519718,10.36,150.31,65.72,0.00,6.00,2700,1,0
8628690,219,48.8103725,7.8519718,10.31,150.26,66.10,0.00,6.00,2700,1,0
8628730,220,48.8103725,7.8519607,10.21,150.16,65.51,0.00,6.00,2700,1,0
8628730,221,48.8103725,7.8519504,10.15,150.11,66.06,0.00,6.00,2700,1,0
8628730,222,48.8103725,7.8519504,10.10,150.05,64.01,0.00,6.00,2700,1,0
8628770,223,48.8103862,7.8519444,10.05,150.00,64.70,0.00,6.00,2700,1,0
8628771,224,48.8103862,7.8519342,9.94,149.89,66.74,0.00,6.00,2700,1,0
8628810,225,48.8103862,7.8519342,9.89,149.84,65.77,0.00,6.00,2700,1,0
8628811,226,48.8103998,7.8519342,9.83,149.78,66.35,0.00,6.00,2700,1,0
8628811,227,48.8103998,7.8519239,9.77,149.73,65.85,0.00,6.00,2700,1,0
8628851,228,48.8103998,7.8519128,9.66,149.62,65.39,0.00,6.00,2700,1,0
8628851,229,48.8103998,7.8519128,9.61,149.56,66.53,0.00,6.00,2700,1,0
8628852,230,48.8104135,7.8519026,9.55,149.50,66.63,0.00,6.00,2700,1,0
8628891,231,48.8104135,7.8519026,9.49,149.44,65.70,0.00,6.00,2700,1,0
8628892,232,48.8104135,7.8518915,9.38,149.33,65.78,0.00,6.00,2700,1,0
8628930,233,48.8104135,7.8518813,9.32,149.27,67.75,0.00,6.00,2700,1,0
8628931,234,48.8104271,7.8518702,9.26,149.22,66.77,0.00,6.00,2700,1,0
8628932,235,48.8104271,7.8518702,9.21,149.16,66.25,0.00,6.00,2700,1,0
8628971,236,48.8104271,7.8518599,9.09,149.04,67.04,0.00,6.00,2700,1,0
8628972,237,48.8104271,7.8518497,9.03,148.99,68.38,0.00,6.00,2700,1,0
8629010,238,48.8104408,7.8518488,8.97,148.93,68.21,0.00,6.00,2700,1,0
8629011,239,48.8104408,7.8518386,8.92,148.87,70.03,0.00,6.00,2700,1,0
8629012,240,48.8104408,7.8518283,8.80,148.75,69.13,0.00,6.00,2700,1,0
8629051,241,48.8104408,7.8518283,8.75,148.70,68.86,0.00,6.00,2700,1,0
8629051,242,48.8104408,7.8518181,8.69,148.64,68.04,0.00,6.00,2700,1,0
8629051,243,48.8104545,7.8518172,8.63,148.58,70.09,0.00,6.00,2700,1,0
8629091,244,48.8104545,7.8518070,8.52,148.47,69.31,0.00,6.00,2700,1,0
8629092,245,48.8104545,7.8517967,8.46,148.41,71.20,0.00,6.00,2700,1,0
8629131,246,48.8104545,7.8517967,8.40,148.35,69.28,0.00,6.00,2700,1,0
8629131,247,48.8104681,7.8517856,8.34,148.29,71.91,0.00,6.00,2700,1,0
8629171,248,48.8104681,7.8517754,8.23,148.18,70.10,0.00,6.00,2700,1,0
8629171,249,48.8104681,7.8517651,8.17,148.12,72.94,0.00,6.00,2700,1,0
8629172,250,48.8104681,7.8517651,8.11,148.06,71.06,0.00,6.00,2700,1,0
8629211,251,48.8104818,7.8517540,8.05,148.01,73.00,0.00,6.00,2700,1,0
8629212,252,48.8104818,7.8517438,7.94,147.89,72.59,0.00,6.00,2700,1,0
8629212,253,48.8104818,7.8517438,7.88,147.83,72.39,0.00,6.00,2700,1,0
8629252,254,48.8104818,7.8517327,7.82,147.78,71.73,0.00,6.00,2700,1,0
8629252,255,48.8104954,7.8517327,7.77,147.72,74.20,0.00,6.00,2700,1,0
8629292,256,48.8104954,7.8517225,7.65,147.60,73.47,0.00,6.00,2700,1,0
8629292,257,48.8104954,7.8517122,7.59,147.55,72.66,0.00,6.00,2700,1,0
8629292,258,48.8104954,7.8517122,7.54,147.49,73.03,0.00,6.00,2700,1,0
8629331,259,48.8105091,7.8517011,7.48,147.44,73.51,0.00,6.00,2700,1,0
8629332,260,48.8105091,7.8516909,7.37,147.32,74.75,0.00,6.00,2700,1,0
8629372,261,48.8105091,7.8516909,7.32,147.27,75.14,0.00,6.00,2700,1,0
8629372,262,48.8105091,7.8516798,7.26,147.21,74.85,0.00,6.00,2700,1,0
8629372,263,48.8105228,7.8516798,7.21,147.16,74.04,0.00,6.00,2700,1,0
8629412,264,48.8105228,7.8516593,7.10,147.05,75.51,0.00,6.00,2700,1,0
8629412,265,48.8105228,7.8516593,7.04,147.00,77.43,0.00,6.00,2700,1,0
8629413,266,48.8105228,7.8516490,6.99,146.94,76.00,0.00,6.00,2700,1,0
8629452,267,48.8105364,7.8516482,6.94,146.89,76.88,0.00,6.00,2700,1,0
8629453,268,48.8105364,7.8516379,6.83,146.78,77.71,0.00,6.00,2700,1,0
8629492,269,48.8105364,7.8516268,6.78,146.73,76.25,0.00,6.00,2700,1,0
8629492,270,48.8105364,7.8516268,6.73,146.68,76.99,0.00,6.00,2700,1,0
8629493,271,48.8105501,7.8516166,6.67,146.63,75.87,0.00,6.00,2700,1,0
8629532,272,48.8105501,7.8516055,6.57,146.52,76.67,0.00,6.00,2700,1,0
8629533,273,48.8105501,7.8516055,6.52,146.47,76.79,0.00,6.00,2700,1,0
8629572,274,48.8105501,7.8515952,6.47,146.42,75.23,0.00,6.00,2700,1,0
8629572,275,48.8105637,7.8515944,6.41,146.37,75.54,0.00,6.00,2700,1,0
8629612,276,48.8105637,7.8515850,6.31,146.26,76.38,0.00,6.00,2700,1,0
8629612,277,48.8105637,7.8515739,6.26,146.21,75.29,0.00,6.00,2700,1,0
8629613,278,48.8105637,7.8515739,6.21,146.16,75.63,0.00,6.00,2700,1,0
8629613,279,48.8105774,7.8515637,6.16,146.11,74.90,0.00,6.00,2700,1,0
8629653,280,48.8105774,7.8515526,6.05,146.00,73.14,0.00,6.00,2700,1,0
8629653,281,48.8105774,7.8515474,6.00,145.95,74.28,0.00,6.00,2700,1,0
8629692,282,48.8105774,7.8515474,5.95,145.90,72.81,0.00,6.00,2700,1,0
8629693,283,48.8105911,7.8515474,5.89,145.85,73.11,0.00,6.00,2700,1,0
8629733,284,48.8105911,7.8515261,5.79,145.74,73.23,0.00,6.00,2700,1,0
8629733,285,48.8105911,7.8515261,5.74,145.69,74.30,0.00,6.00,2700,1,0
8629733,286,48.8105911,7.8515158,5.69,145.64,72.45,0.00,6.00,2700,1,0
8629773,287,48.8106047,7.8515158,5.64,145.59,73.07,0.00,6.00,2700,1,0
8629773,288,48.8106047,7.8515056,5.53,145.48,71.71,0.00,6.00,2700,1,0
# interim valid=1 lat=48.8105015 lon=7.8515980 agl=7.58 conf=0.818 used=288/288
8635790,289,48.8107550,7.8511564,10.78,150.73,62.28,0.00,6.00,2700,1,0
8635791,290,48.8107550,7.8511564,10.71,150.66,61.36,0.00,6.00,2700,1,0
8635830,291,48.8107686,7.8511556,10.64,150.60,61.79,0.00,6.00,2700,1,0
8635832,292,48.8107686,7.8511556,10.52,150.47,62.70,0.00,6.00,2700,1,0
8635870,293,48.8107823,7.8511658,10.45,150.41,62.47,0.00,6.00,2700,1,0
8641608,294,48.8107003,7.8518326,10.83,150.78,66.39,0.00,6.00,2700,1,0
8641645,295,48.8106730,7.8518232,10.78,150.73,65.24,0.00,6.00,2700,1,0
8641647,296,48.8106730,7.8518232,10.68,150.63,66.33,0.00,6.00,2700,1,0
8641685,297,48.8106730,7.8518121,10.63,150.58,67.74,0.00,6.00,2700,1,0
8641687,298,48.8106730,7.8518121,10.58,150.53,65.52,0.00,6.00,2700,1,0
8641688,299,48.8106730,7.8518019,10.53,150.48,67.88,0.00,6.00,2700,1,0
8641726,300,48.8106594,7.8517925,10.43,150.38,66.73,0.00,6.00,2700,1,0
8641727,301,48.8106594,7.8517925,10.38,150.33,66.75,0.00,6.00,2700,1,0
8641728,302,48.8106594,7.8517925,10.33,150.28,67.22,0.00,6.00,2700,1,0
8641766,303,48.8106594,7.8517814,10.27,150.23,66.84,0.00,6.00,2700,1,0
8641768,304,48.8106457,7.8517711,10.16,150.12,69.25,0.00,6.00,2700,1,0
8641806,305,48.8106457,7.8517711,10.11,150.06,66.97,0.00,6.00,2700,1,0
8641808,306,48.8106457,7.8517711,10.05,150.00,67.63,0.00,6.00,2700,1,0
8641809,307,48.8106320,7.8517609,10.00,149.95,67.93,0.00,6.00,2700,1,0
8641847,308,48.8106320,7.8517506,9.88,149.83,70.07,0.00,6.00,2700,1,0
8641848,309,48.8106320,7.8517506,9.82,149.78,68.52,0.00,6.00,2700,1,0
8641886,310,48.8106184,7.8517404,9.77,149.72,70.32,0.00,6.00,2700,1,0
8641887,311,48.8106184,7.8517404,9.71,149.66,69.89,0.00,6.00,2700,1,0
8641889,312,48.8106184,7.8517301,9.59,149.54,69.47,0.00,6.00,2700,1,0
8641927,313,48.8106047,7.8517301,9.53,149.48,69.61,0.00,6.00,2700,1,0
8641928,314,48.8106047,7.8517199,9.47,149.42,69.30,0.00,6.00,2700,1,0
8641929,315,48.8106047,7.8517199,9.41,149.36,71.58,0.00,6.00,2700,1,0
8641968,316,48.8105911,7.8517097,9.29,149.25,70.83,0.00,6.00,2700,1,0
8641969,317,48.8105911,7.8517097,9.23,149.19,70.29,0.00,6.00,2700,1,0
8642007,318,48.8105911,7.8516994,9.18,149.13,71.56,0.00,6.00,2700,1,0
8642008,319,48.8105911,7.8516994,9.12,149.07,70.82,0.00,6.00,2700,1,0
8642046,320,48.8105774,7.8516892,9.00,148.95,73.26,0.00,6.00,2700,1,0
8642048,321,48.8105774,7.8516892,8.94,148.89,70.90,0.00,6.00,2700,1,0
8642049,322,48.8105774,7.8516789,8.88,148.84,71.99,0.00,6.00,2700,1,0
8642086,323,48.8105637,7.8516789,8.82,148.78,72.36,0.00,6.00,2700,1,0
8642088,324,48.8105637,7.8516687,8.71,148.66,73.58,0.00,6.00,2700,1,0
8642089,325,48.8105637,7.8516576,8.65,148.60,73.57,0.00,6.00,2700,1,0
8642127,326,48.8105501,7.8516584,8.59,148.55,74.22,0.00,6.00,2700,1,0
8642128,327,48.8105501,7.8516584,8.54,148.49,73.17,0.00,6.00,2700,1,0
8642167,328,48.8105501,7.8516482,8.42,148.38,73.74,0.00,6.00,2700,1,0
8642168,329,48.8105364,7.8516379,8.37,148.32,75.71,0.00,6.00,2700,1,0
8642169,330,48.8105364,7.8516379,8.31,148.26,76.06,0.00,6.00,2700,1,0
8642207,331,48.8105364,7.8516268,8.25,148.21,74.27,0.00,6.00,2700,1,0
8642209,332,48.8105228,7.8516166,8.14,148.09,76.40,0.00,6.00,2700,1,0
8642247,333,48.8105228,7.8516166,8.09,148.04,77.15,0.00,6.00,2700,1,0
8642248,334,48.8105228,7.8516166,8.03,147.98,76.16,0.00,6.00,2700,1,0
8642249,335,48.8105228,7.8516063,7.98,147.93,75.82,0.00,6.00,2700,1,0
8642288,336,48.8105091,7.8515961,7.86,147.82,77.48,0.00,6.00,2700,1,0
8642289,337,48.8105091,7.8515961,7.81,147.76,76.80,0.00,6.00,2700,1,0
8642290,338,48.8105091,7.8515859,7.75,147.71,78.04,0.00,6.00,2700,1,0
8642328,339,48.8104954,7.8515859,7.70,147.65,76.21,0.00,6.00,2700,1,0
8642330,340,48.8104954,7.8515756,7.59,147.55,77.19,0.00,6.00,2700,1,0
8642367,341,48.8104954,7.8515756,7.54,147.49,76.21,0.00,6.00,2700,1,0
8642369,342,48.8104818,7.8515654,7.49,147.44,75.57,0.00,6.00,2700,1,0
8642370,343,48.8104818,7.8515654,7.43,147.39,76.77,0.00,6.00,2700,1,0
8642408,344,48.8104818,7.8515551,7.33,147.28,76.55,0.00,6.00,2700,1,0
8642410,345,48.8104681,7.8515500,7.27,147.23,74.78,0.00,6.00,2700,1,0
8642447,346,48.8104681,7.8515500,7.22,147.18,75.22,0.00,6.00,2700,1,0
8642448,347,48.8104681,7.8515398,7.17,147.12,74.40,0.00,6.00,2700,1,0
8642487,348,48.8104545,7.8515295,7.06,147.02,75.35,0.00,6.00,2700,1,0
8642488,349,48.8104545,7.8515295,7.01,146.96,74.81,0.00,6.00,2700,1,0
8642489,350,48.8104545,7.8515295,6.96,146.91,76.24,0.00,6.00,2700,1,0
8642491,351,48.8104545,7.8515193,6.91,146.86,74.13,0.00,6.00,2700,1,0
8642529,352,48.8104408,7.8515090,6.80,146.75,74.35,0.00,6.00,2700,1,0
8642530,353,48.8104408,7.8515090,6.75,146.70,75.03,0.00,6.00,2700,1,0
8642568,354,48.8104408,7.8514988,6.70,146.65,72.59,0.00,6.00,2700,1,0
8642569,355,48.8104271,7.8514988,6.65,146.60,74.27,0.00,6.00,2700,1,0
8642608,356,48.8104271,7.8514885,6.55,146.50,72.38,0.00,6.00,2700,1,0
8642609,357,48.8104271,7.8514885,6.50,146.45,72.92,0.00,6.00,2700,1,0
8642610,358,48.8104271,7.8514783,6.45,146.40,73.46,0.00,6.00,2700,1,0
8642648,359,48.8104271,7.8514783,6.39,146.35,71.44,0.00,6.00,2700,1,0
8642651,360,48.8104135,7.8514680,6.29,146.24,71.43,0.00,6.00,2700,1,0
8642687,361,48.8103998,7.8514578,6.24,146.19,71.16,0.00,6.00,2700,1,0
8642688,362,48.8103998,7.8514578,6.19,146.14,69.33,0.00,6.00,2700,1,0
8642689,363,48.8103998,7.8514475,6.14,146.09,69.00,0.00,6.00,2700,1,0
8642729,364,48.8103862,7.8514364,6.04,145.99,70.85,0.00,6.00,2700,1,0
8642730,365,48.8103862,7.8514364,5.99,145.94,69.13,0.00,6.00,2700,1,0
8642731,366,48.8103862,7.8514364,5.94,145.89,68.68,0.00,6.00,2700,1,0
8642768,367,48.8103862,7.8514262,5.89,145.84,70.12,0.00,6.00,2700,1,0
8642771,368,48.8103725,7.8514168,5.79,145.74,68.58,0.00,6.00,2700,1,0
8642808,369,48.8103725,7.8514168,5.73,145.69,68.42,0.00,6.00,2700,1,0
8642809,370,48.8103725,7.8514057,5.68,145.64,68.96,0.00,6.00,2700,1,0
8642810,371,48.8103725,7.8514057,5.64,145.59,68.65,0.00,6.00,2700,1,0
8648427,372,48.8104545,7.8512682,10.73,150.68,67.06,0.00,6.00,2700,1,0
8648466,373,48.8104545,7.8512785,10.63,150.59,67.87,0.00,6.00,2700,1,0
8648467,374,48.8104545,7.8512887,10.59,150.54,65.34,0.00,6.00,2700,1,0
8648504,375,48.8104545,7.8512887,10.54,150.49,65.88,0.00,6.00,2700,1,0
8648505,376,48.8104545,7.8512990,10.49,150.44,66.22,0.00,6.00,2700,1,0
8648545,377,48.8104545,7.8513092,10.39,150.35,67.48,0.00,6.00,2700,1,0
8648546,378,48.8104545,7.8513203,10.34,150.30,66.42,0.00,6.00,2700,1,0
8648547,379,48.8104545,7.8513203,10.29,150.25,68.47,0.00,6.00,2700,1,0
8648585,380,48.8104545,7.8513306,10.24,150.19,67.51,0.00,6.00,2700,1,0
8648587,381,48.8104545,7.8513408,10.14,150.09,67.76,0.00,6.00,2700,1,0
8648624,382,48.8104545,7.8513511,10.09,150.04,67.16,0.00,6.00,2700,1,0
8648625,383,48.8104545,7.8513622,10.03,149.98,69.64,0.00,6.00,2700,1,0
8648627,384,48.8104545,7.8513622,9.98,149.93,67.61,0.00,6.00,2700,1,0
8648666,385,48.8104545,7.8513827,9.87,149.82,70.29,0.00,6.00,2700,1,0
8648667,386,48.8104545,7.8513827,9.81,149.76,70.67,0.00,6.00,2700,1,0
8648668,387,48.8104545,7.8513938,9.76,149.71,70.35,0.00,6.00,2700,1,0
8648705,388,48.8104545,7.8514040,9.70,149.65,71.23,0.00,6.00,2700,1,0
8648707,389,48.8104545,7.8514142,9.59,149.54,70.05,0.00,6.00,2700,1,0
8648745,390,48.8104545,7.8514142,9.53,149.48,71.27,0.00,6.00,2700,1,0
8648746,391,48.8104545,7.8514245,9.47,149.42,70.23,0.00,6.00,2700,1,0
8648747,392,48.8104545,7.8514356,9.41,149.37,70.71,0.00,6.00,2700,1,0
8648786,393,48.8104545,7.8514458,9.30,149.25,70.26,0.00,6.00,2700,1,0
8648787,394,48.8104681,7.8514561,9.24,149.19,71.69,0.00,6.00,2700,1,0
8648825,395,48.8104681,7.8514561,9.18,149.14,71.43,0.00,6.00,2700,1,0
8648826,396,48.8104681,7.8514663,9.12,149.08,73.25,0.00,6.00,2700,1,0
8648828,397,48.8104681,7.8514774,9.01,148.96,72.76,0.00,6.00,2700,1,0
8648866,398,48.8104681,7.8514877,8.95,148.90,72.59,0.00,6.00,2700,1,0
8648867,399,48.8104681,7.8514979,8.89,148.84,73.20,0.00,6.00,2700,1,0
8648868,400,48.8104681,7.8514979,8.84,148.79,71.96,0.00,6.00,2700,1,0
8648907,401,48.8104681,7.8515193,8.72,148.67,73.89,0.00,6.00,2700,1,0
8648907,402,48.8104681,7.8515193,8.66,148.61,74.49,0.00,6.00,2700,1,0
8648945,403,48.8104681,7.8515295,8.61,148.56,74.04,0.00,6.00,2700,1,0
8648946,404,48.8104681,7.8515398,8.55,148.50,75.93,0.00,6.00,2700,1,0
8648986,405,48.8104681,7.8515500,8.43,148.38,76.09,0.00,6.00,2700,1,0
8648987,406,48.8104681,7.8515500,8.38,148.33,74.44,0.00,6.00,2700,1,0
8648988,407,48.8104681,7.8515551,8.32,148.27,75.73,0.00,6.00,2700,1,0
8648989,408,48.8104681,7.8515662,8.26,148.21,75.56,0.00,6.00,2700,1,0
8649027,409,48.8104818,7.8515756,8.14,148.10,75.83,0.00,6.00,2700,1,0
8649029,410,48.8104818,7.8515867,8.09,148.04,75.96,0.00,6.00,2700,1,0
8649066,411,48.8104818,7.8515867,8.03,147.98,77.95,0.00,6.00,2700,1,0
8649067,412,48.8104818,7.8515970,7.97,147.92,75.44,0.00,6.00,2700,1,0
8649106,413,48.8104818,7.8516072,7.86,147.81,76.52,0.00,6.00,2700,1,0
8649107,414,48.8104818,7.8516183,7.80,147.75,77.47,0.00,6.00,2700,1,0
8649108,415,48.8104818,7.8516285,7.74,147.69,76.28,0.00,6.00,2700,1,0
8649146,416,48.8104818,7.8516285,7.68,147.64,77.11,0.00,6.00,2700,1,0
8649148,417,48.8104818,7.8516499,7.57,147.53,76.86,0.00,6.00,2700,1,0
8649186,418,48.8104818,7.8516499,7.52,147.47,75.98,0.00,6.00,2700,1,0
8649187,419,48.8104818,7.8516601,7.46,147.41,75.40,0.00,6.00,2700,1,0
8649188,420,48.8104818,7.8516704,7.40,147.36,75.39,0.00,6.00,2700,1,0
8649227,421,48.8104818,7.8516806,7.29,147.25,76.57,0.00,6.00,2700,1,0
8649228,422,48.8104818,7.8516917,7.24,147.19,74.63,0.00,6.00,2700,1,0
8649229,423,48.8104818,7.8516917,7.18,147.13,75.27,0.00,6.00,2700,1,0
8649267,424,48.8104954,7.8517011,7.13,147.08,74.82,0.00,6.00,2700,1,0
8649269,425,48.8104954,7.8517122,7.02,146.97,75.39,0.00,6.00,2700,1,0
8649307,426,48.8104954,7.8517225,6.96,146.92,73.79,0.00,6.00,2700,1,0
8649308,427,48.8104954,7.8517327,6.91,146.87,74.04,0.00,6.00,2700,1,0
8649309,428,48.8104954,7.8517327,6.86,146.81,73.35,0.00,6.00,2700,1,0
8649348,429,48.8104954,7.8517540,6.75,146.71,71.52,0.00,6.00,2700,1,0
8649349,430,48.8104954,7.8517540,6.70,146.65,71.89,0.00,6.00,2700,1,0
8649386,431,48.8104954,7.8517643,6.65,146.60,72.18,0.00,6.00,2700,1,0
8649388,432,48.8104954,7.8517745,6.60,146.55,71.52,0.00,6.00,2700,1,0
8649390,433,48.8104954,7.8517848,6.49,146.45,71.34,0.00,6.00,2700,1,0
8649428,434,48.8104954,7.8517959,6.44,146.39,70.27,0.00,6.00,2700,1,0
8649429,435,48.8104954,7.8517959,6.39,146.34,71.19,0.00,6.00,2700,1,0
8649430,436,48.8104954,7.8518061,6.34,146.29,69.30,0.00,6.00,2700,1,0
8649469,437,48.8104954,7.8518164,6.23,146.19,69.77,0.00,6.00,2700,1,0
8649470,438,48.8104954,7.8518275,6.18,146.13,69.94,0.00,6.00,2700,1,0
8649507,439,48.8104954,7.8518275,6.13,146.08,69.39,0.00,6.00,2700,1,0
8649508,440,48.8104954,7.8518377,6.08,146.03,71.13,0.00,6.00,2700,1,0
8649547,441,48.8105091,7.8518480,5.98,145.93,69.79,0.00,6.00,2700,1,0
8649548,442,48.8105091,7.8518582,5.93,145.88,67.89,0.00,6.00,2700,1,0
8649549,443,48.8105091,7.8518685,5.88,145.83,68.25,0.00,6.00,2700,1,0
8649587,444,48.8105091,7.8518685,5.82,145.78,69.89,0.00,6.00,2700,1,0
8649589,445,48.8105091,7.8518898,5.72,145.67,68.81,0.00,6.00,2700,1,0
8649590,446,48.8105091,7.8518898,5.67,145.62,68.34,0.00,6.00,2700,1,0
8649628,447,48.8105091,7.8519000,5.62,145.57,67.47,0.00,6.00,2700,1,0
8649629,448,48.8105091,7.8519103,5.57,145.52,68.68,0.00,6.00,2700,1,0
8655283,449,48.8103862,7.8519239,10.73,150.68,66.79,0.00,6.00,2700,1,0
8655285,450,48.8103998,7.8519128,10.62,150.57,67.27,0.00,6.00,2700,1,0
8655324,451,48.8103998,7.8519026,10.51,150.47,67.57,0.00,6.00,2700,1,0
8655325,452,48.8104135,7.8518915,10.46,150.41,65.42,0.00,6.00,2700,1,0
8655364,453,48.8104135,7.8518915,10.36,150.31,67.40,0.00,6.00,2700,1,0
8655366,454,48.8104271,7.8518804,10.25,150.20,66.90,0.00,6.00,2700,1,0
8655404,455,48.8104271,7.8518702,10.20,150.15,68.92,0.00,6.00,2700,1,0
8655406,456,48.8104271,7.8518599,10.09,150.04,67.39,0.00,6.00,2700,1,0
8655444,457,48.8104408,7.8518488,9.97,149.93,66.74,0.00,6.00,2700,1,0
8655446,458,48.8104408,7.8518488,9.92,149.87,67.21,0.00,6.00,2700,1,0
8655484,459,48.8104408,7.8518386,9.81,149.76,67.23,0.00,6.00,2700,1,0
8655523,460,48.8104545,7.8518283,9.70,149.65,67.99,0.00,6.00,2700,1,0
8655524,461,48.8104545,7.8518172,9.64,149.59,69.50,0.00,6.00,2700,1,0
8655526,462,48.8104545,7.8518070,9.53,149.48,69.20,0.00,6.00,2700,1,0
8655565,463,48.8104681,7.8517959,9.41,149.37,71.19,0.00,6.00,2700,1,0
8655566,464,48.8104681,7.8517959,9.36,149.31,70.87,0.00,6.00,2700,1,0
8655605,465,48.8104681,7.8517856,9.25,149.20,71.40,0.00,6.00,2700,1,0
8655644,466,48.8104818,7.8517745,9.13,149.09,72.00,0.00,6.00,2700,1,0
8655645,467,48.8104818,7.8517643,9.08,149.03,72.40,0.00,6.00,2700,1,0
8655684,468,48.8104818,7.8517540,8.96,148.92,70.46,0.00,6.00,2700,1,0
8655686,469,48.8104954,7.8517429,8.85,148.80,72.59,0.00,6.00,2700,1,0
8655724,470,48.8104954,7.8517327,8.79,148.75,71.52,0.00,6.00,2700,1,0
8655726,471,48.8104954,7.8517225,8.68,148.63,73.19,0.00,6.00,2700,1,0
8655764,472,48.8105091,7.8517114,8.57,148.52,74.40,0.00,6.00,2700,1,0
8655765,473,48.8105091,7.8517114,8.51,148.46,74.50,0.00,6.00,2700,1,0
8655804,474,48.8105091,7.8517011,8.39,148.35,74.08,0.00,6.00,2700,1,0
8655807,475,48.8105228,7.8516900,8.28,148.23,73.30,0.00,6.00,2700,1,0
8655844,476,48.8105228,7.8516798,8.22,148.18,73.34,0.00,6.00,2700,1,0
8655847,477,48.8105228,7.8516695,8.11,148.06,75.66,0.00,6.00,2700,1,0
8655885,478,48.8105364,7.8516584,8.00,147.95,76.22,0.00,6.00,2700,1,0
8655886,479,48.8105364,7.8516482,7.95,147.90,75.59,0.00,6.00,2700,1,0
8655925,480,48.8105364,7.8516379,7.83,147.78,75.82,0.00,6.00,2700,1,0
8655927,481,48.8105364,7.8516268,7.72,147.68,75.59,0.00,6.00,2700,1,0
8655965,482,48.8105501,7.8516268,7.67,147.62,74.97,0.00,6.00,2700,1,0
8655967,483,48.8105501,7.8516166,7.56,147.51,75.98,0.00,6.00,2700,1,0
8656006,484,48.8105501,7.8516055,7.45,147.40,76.99,0.00,6.00,2700,1,0
8656007,485,48.8105637,7.8515944,7.40,147.35,74.81,0.00,6.00,2700,1,0
8656046,486,48.8105637,7.8515850,7.29,147.24,74.01,0.00,6.00,2700,1,0
8656085,487,48.8105637,7.8515739,7.18,147.13,74.70,0.00,6.00,2700,1,0
8656086,488,48.8105774,7.8515637,7.13,147.08,72.93,0.00,6.00,2700,1,0
8656124,489,48.8105774,7.8515526,7.02,146.98,74.70,0.00,6.00,2700,1,0
8656127,490,48.8105774,7.8515474,6.92,146.87,73.94,0.00,6.00,2700,1,0
8656128,491,48.8105911,7.8515474,6.86,146.82,72.68,0.00,6.00,2700,1,0
8656167,492,48.8105911,7.8515363,6.76,146.71,73.52,0.00,6.00,2700,1,0
8656205,493,48.8105911,7.8515261,6.65,146.61,72.88,0.00,6.00,2700,1,0
8656206,494,48.8106047,7.8515158,6.60,146.55,71.48,0.00,6.00,2700,1,0
8656245,495,48.8106047,7.8515056,6.50,146.45,71.00,0.00,6.00,2700,1,0
8656248,496,48.8106047,7.8514945,6.39,146.34,69.81,0.00,6.00,2700,1,0
8656285,497,48.8106184,7.8514945,6.34,146.29,70.50,0.00,6.00,2700,1,0
8656288,498,48.8106184,7.8514843,6.23,146.19,69.53,0.00,6.00,2700,1,0
8656327,499,48.8106184,7.8514629,6.13,146.08,69.93,0.00,6.00,2700,1,0
8656329,500,48.8106320,7.8514629,6.08,146.03,70.34,0.00,6.00,2700,1,0
8656366,501,48.8106320,7.8514518,5.97,145.93,68.55,0.00,6.00,2700,1,0
8656368,502,48.8106320,7.8514416,5.87,145.82,67.84,0.00,6.00,2700,1,0
8656406,503,48.8106457,7.8514313,5.82,145.77,68.31,0.00,6.00,2700,1,0
8656408,504,48.8106457,7.8514202,5.71,145.67,66.93,0.00,6.00,2700,1,0
8656447,505,48.8106457,7.8514100,5.61,145.56,68.59,0.00,6.00,2700,1,0
8656448,506,48.8106594,7.8514100,5.56,145.51,68.15,0.00,6.00,2700,1,0
8656487,507,48.8106594,7.8513989,5.45,145.41,67.93,0.00,6.00,2700,1,0
# interim valid=1 lat=48.8105008 lon=7.8516000 agl=7.68 conf=0.792 used=507/507
# interim valid=1 lat=48.8105008 lon=7.8516000 agl=7.68 conf=0.792 used=507/507
# result valid=1 lat=48.8105008 lon=7.8516000 agl=7.68 alt=139.95 level=78.04 conf=0.792 used=507/507
